{
   "TEMP":{
      "id": 0,
      "sensor_id":"ts1",
      "name":"temperature",
      "output": {
         "temp": "float"
      },
      "controller_type": "AC"
   },
   "GPS": {
      "id" : 1,
      "sensor_id":"acc1",
      "name":"temperature",
      "output": {
         "status" : -1
      }
   },
   "LIGHT": {
      "id" : 1,
      "sensor_id":"acc1",
      "name":"temperature",
      "output": {
         "status" : -1
      }
   },
   "BIOMETRIC": {
      "id" : 1,
      "sensor_id":"acc1",
      "name":"temperature",
      "output": {
         "status" : -1
      }
   }
}